horas_estudo,frequencia,atividades_entregues,nota_anterior,nota_final
6.243561663863074,93.15517129377967,7,6.457256006284043,5.80939060006315
14.310000289738827,81.1649063413779,4,4.2517589645493015,5.668124995235488
11.247915185359671,66.54490124263246,3,5.56528149208002,4.377482091194959
9.381218778758512,53.177917514301186,1,8.209193661395936,4.414291136870055
3.1842609661941115,65.54911608578311,5,8.046579469764904,4.275284832036979
3.183923284706837,66.25916610133736,5,5.1564255429667245,3.4868058601193455
1.8131705703547925,86.4803089169032,10,6.797781613884295,6.585716127293115
13.126466040849092,81.87787356776066,0,6.561698537871321,4.938462033318276
9.415610164404923,94.36063712881634,8,7.454328327301267,7.242700834152093
10.913016089144637,73.61074625809746,10,4.753232730239089,5.507650140702503
1.2881829201412343,55.97971229691508,5,7.129095932923807,4.07978620801399
14.57873793026792,85.66223936114974,2,9.852250007925063,7.332609398422141
12.654196971205904,88.03925243084487,3,6.4071950707161855,5.704875808303004
3.972747549495866,78.06385987847482,10,9.342691514029879,6.494475491679979
3.5455495408994087,88.54835899772806,3,6.040760558573,4.353667278741807
3.5676631379480734,74.68977981821953,2,5.450548853862729,2.8825822281500435
5.259391401433528,76.1366414690997,9,7.515723534213954,5.734482398575587
8.346590042851329,71.37705091792748,2,7.682468417641697,4.945323992909433
7.047230260989621,51.27095633720476,2,9.049172955503321,4.172852183945685
5.077207962772587,55.39457134966522,3,4.6112968776908865,2.822339987824615
9.565940526113312,51.57145928433671,6,6.4943536591932665,4.2107989859825885
2.9529140491285855,81.82052056318902,3,7.004029394464282,4.296882714569637
5.090025079493055,65.71779905381634,8,8.379878100144163,5.675420383229717
6.129065806111684,75.42853455823514,0,3.3052264022810363,3.546152313865621
7.384979779038503,95.37832369630465,7,9.961853575581387,7.4895967252009035
11.99246345950219,62.464611457443745,6,6.2896115979366005,6.1936202308346875
3.7954329502170365,70.51914615178148,1,4.95692239257731,2.1054239073765872
8.199282137790561,87.77755692715243,7,9.184458155863812,7.420392152236711
9.293803964068594,61.43990827458112,0,8.234031417281898,4.194425916176965
1.6503057780799681,53.84899549143965,10,9.671502929167673,4.91908081039621
9.505627926620138,64.4875726456884,8,5.315252132693596,5.250447058329312
3.3873377316220816,58.06106436270022,8,6.86935476784843,4.525852724100664
1.9107223017939132,96.48488261712865,1,7.006047284195868,4.318951188422846
14.284397521546666,90.40601897822086,6,9.862321086012319,7.495131618299426
14.518848463043831,81.67018782552117,9,3.5274237920428977,5.819332504154659
12.317562873630456,93.57302950938589,2,5.139879135010273,5.618271734414324
5.26459276842719,90.18360384495573,6,4.336377218052422,4.660252219367361
2.367409596089374,59.32850294430179,9,4.879323998231097,3.8443856247962818
10.579262371170197,94.62794992449889,8,6.39695911993421,8.017218828963921
7.162134912354418,76.96711209578254,3,5.608808069658345,4.467042776755748
2.7085352878269036,90.37200775820313,0,5.762840267666306,3.9379815201885364
7.932476741557783,94.80456499617466,1,8.90949198508418,6.369037994603539
1.4814392956130575,65.90017374859319,0,9.510117843675822,4.418183632327118
13.73048562910295,55.50259622638384,4,3.4929129159468073,3.840492480865147
4.622919742400237,61.39675812709709,4,4.462431023307522,3.14163352141647
10.275311980955747,71.35538943131282,10,7.698004617768354,7.698230433373832
5.363955065251753,90.90073829612466,6,5.510527469073147,5.3284619201796914
8.280952296489351,93.03652916281717,8,4.7791455434881716,5.758994990347765
8.653943910805914,50.34760652655954,8,5.067034118932571,4.168720750720071
3.5879623773573783,75.53736512887829,2,5.257855349670203,3.8106354372789104
14.57418478870382,70.87055015743894,2,8.94068856447272,6.669281069276313
11.851859527055604,61.105390523536514,2,3.9563493200942017,3.8707627310895516
14.152985181898648,55.99326836668414,3,7.9623769783708305,5.050739859055995
13.527582905987083,66.8807585701814,7,6.869739838355354,5.723052897528397
9.370599703355191,97.14548519562595,5,5.07557100553459,5.5360525002770125
13.906239290323636,66.16014660103777,7,5.938465995123936,5.151365297021823
2.2388950287268727,75.9395310871683,0,4.793448605161206,2.4938963459129786
3.7437600738680326,85.15094794475888,7,7.280595976059764,5.401035849221366
1.633182044747533,68.1814801189647,3,3.5711592628016824,2.641159231429067
5.554624630685701,98.58910413604804,10,3.0362940394179074,4.725168385806576
6.441482055652748,98.12236474710556,0,7.395260904640453,6.140843163128278
4.798886444834543,62.58911479126821,7,4.359917674584295,2.921491839953186
12.60232512812701,74.86242529461927,3,3.4965864189994935,3.537216111511073
5.99454657371025,65.04391549083849,5,5.7774867904972185,3.5293126879764274
4.933083135623331,64.24202471887338,7,3.3553797172757784,4.062227394533625
8.597745164215478,51.84434736772664,3,9.20632004265462,4.764983773921056
2.972939149646677,80.47821669899484,2,3.193317403115933,2.766968764672204
12.230757730556554,75.13395116144308,8,7.052054268552911,6.539805997490246
2.0437090115167917,52.57393756249947,2,6.069318861126609,2.1396980991752628
14.816417112407242,63.93232321183057,8,7.704182947066395,6.529157391927854
11.811426770153204,95.41329429833269,1,5.297068672323124,5.44906582512733
3.7820195414784137,61.978094533348624,1,4.085291317094209,2.1416661130379233
1.0773096397304336,57.24474360456115,1,9.872886218173718,4.526464206692838
12.416459998367678,74.47263801387815,5,8.872534514485544,5.872607969200189
10.89600281386664,99.28252270553003,2,9.022832328181726,8.066750613885551
11.206100352573822,62.10276357557502,8,4.751759523611049,5.087555865935217
11.79778485360324,83.60677737029393,3,3.2718431410059625,4.179259156076991
2.036625124277265,88.08098076643589,0,5.12285860271256,2.8794213615746758
6.018520199619816,61.881877199619986,3,6.759576990376588,4.330265664191976
2.622166833351816,86.41081743059297,0,5.286558692572286,3.3520116715706774
